,project,commit_hash,loc,count
0,express,51f960f2977566f8d671fc0e8154466a1b3d78ca,4946,199
1,express,1e6d2654a284f00c4bb92e201d87982e3dfb9a7c,4947,199
2,express,dee9fbbbda2f2483c657cf912f68db1a5ba1fcac,4947,198
3,express,f56463f8bf24015736978d0dc4d398fa22a9d758,4948,198
4,express,e9c9f95ade0f20a048861ac886d4767a839d5286,4953,200
5,express,6c7a36733891ddd6089ee4f267d731383bf58ea9,5086,193
6,express,2ac25098548f739c4f2b526b2a00aa60a74c8e75,5107,193
7,express,97b2d70d8adfb4649fd8ca9adc73c47ffcc4bf5b,5107,193
8,express,ef7ad681b245fba023843ce94f6bcb8e275bbb8e,5109,192
9,express,193bed2649c55c1fd362e46cd4702c773f3e7434,5109,192
10,express,9375a9afa9d7baa814b454c7a6818a7471aaef00,5127,183
11,express,0437c513f2dbc8d1dfc5a3e35fe35182bd3a671e,5105,182
12,express,504a51c040f22c80c7e52377c0ef00b1c8b2a76b,5067,177
13,express,d32ed68b2995e0322100ace29d86e7a86b9c6378,5034,177
14,express,d43b074f0b3b56a91f240e62798c932ba104b79a,5034,177
15,express,6da454c7fb37e68ed65ffe0371aa688b89f5bd6e,5040,178
16,express,a4bd4373b2c3b2521ee4c499cb8e90e98f78bfa5,5042,178
17,express,ea3d60565242c47be97088ead2708d7b88390858,5042,178
18,express,f974d22c66d3cd91634ddaba1ef8bcaa8e49daf4,5106,185
19,express,e3f7f51f5f5475ca1ad091b1f8b7293f79467d29,5106,185
20,express,351396f971280ab79faddcf9782ea50f4e88358d,5109,185
21,express,3ed5090ca91f6a387e66370d57ead94d886275e1,5112,175
22,express,dc538f6e810bd462c98ee7e6aae24c64d4b1da93,5113,176
23,express,10c7756764fbe969b307b15a72fd074479c00f8d,5126,176
24,express,e1b45ebd050b6f06aa38cda5aaf0c21708b0c71e,5123,176
25,bower,67bd5d026f58ba2f443ac9aa5f63d1b221c83fa2,7445,200
26,bower,1a990f4563c6d2733b38792cc0c140d38ea57d12,7445,200
27,bower,50ed13e4eed2cbd684e534087fd5f67030ae738d,7462,201
28,bower,fd4c9e6aca734ffe93170eb2998ea9168c65e968,7462,201
29,bower,338ac99080d464cbc7c2c27cddae31207da6e527,7552,203
30,bower,87cf578ba82e3d0eca4e5869469be85c4669cd23,7511,202
31,bower,a2f21e2703df020617bc35bbc2fb823c8a14b885,7511,202
32,bower,f3330e8612074604e5c2e55ea4fd7bec5283aeb0,7529,211
33,bower,bbaaee67a1344739f1e88a201aedaf4cec83d812,7532,212
34,bower,8194bcb4c6aa597da2af2d4cf9f811f17f8bda3f,7534,212
35,bower,6c67d07cc84ffa3ead9b0de671ddf29702e19e38,7650,213
36,bower,9e5cd572f87f4150e43c7800efca4e7b9c79409c,7625,215
37,bower,8065e5c64a22bd6d60e4df8d9be46b5805ec9355,7626,215
38,bower,bda400634c66cb85e6f5ff42b7f0d55c8ef3e71c,9633,333
39,bower,2aa1f27367f9f21c00b0ed1c8ddf8e1e12381abf,11156,328
40,bower,275601601a6196e596598bc3f6fe8b482db733bb,11197,331
41,bower,1c15deadc035714a8911a81807ec1e25d6e27683,11156,328
42,bower,43894f5149e43f246fa448012b95e2546003a821,11170,331
43,bower,206046b27120b8420a22b5c199479c103cb970f0,11170,331
44,bower,4f68fc7daa4d6f0a3dfd0da2afdbb8f0b87558af,11170,331
45,bower,67741b4bfe465ef0b816f7f2811ce6ba6d065c1a,11170,331
46,bower,bb563b01c22df6d64e5447775d8c23c72a872c33,11192,321
47,bower,74baec8a60b9a8b964a8c44ed3aae0b7ebb2bcd7,11220,323
48,bower,f18330b248bb5b796fd9fdeba63f0afdb76e5b4b,11220,323
49,bower,557c1cd7f1d2aa9622cc2a3819b1a1351593f735,11282,324
50,request,53b78317f47e8c1d4e4c046966b476fc6672be70,2384,64
51,request,22ecf67769f3cca15ebc4724500117b3359e8195,2400,64
52,request,7228f1328523b4dd8f0be652104a6a41e1fc9395,2400,64
53,request,7cc16575a3e5a47cdd362ccd1b508e253f37a4bb,2407,64
54,request,6739fe78759204ced0eb917f578c608f5f5f560b,2407,64
55,request,3a98820b38b2656c47c8ad55fdb6190d35c5fe6f,2411,64
56,request,b628cab739fdd0e29a47f69b8b08ea3bdeb1598d,2411,64
57,request,f422111e0bc44e065a7b15e243748b59d5e99e33,2444,63
58,request,7b9ceefe590b5879600b02e1245d12aadde5a16f,2444,63
59,request,f2f54fa5e420f143a661f497c9f568632676016a,2486,63
60,request,c57fb7258788888e42fcfa2b6d54c8150517cabe,2486,63
61,request,0ab5c36b6715ae054b8398c80791fdd65be69f72,2470,61
62,request,6f1b51ed43309128487739f20f9df0699a043124,2470,61
63,request,dd427d7aa0177a876da69f82801bf0c63a855310,2470,61
64,request,253c5e507ddb95dd88622087b6387655bd0ff935,2470,61
65,request,4b46a13daaafe83d1c7db3f86f60d7b3733cd726,2470,61
66,request,b191514c1080838a579eac272dbb0d1226ebef00,2470,61
67,request,5dad86e14c22c79c6b128e24ddd8dcb78a6464b7,2470,61
68,request,bbb3a0bbbe173342de8462a2171765a39681b248,2470,61
69,request,386c7d8878a9d534a4c4d6b446f991d42b395067,2464,61
70,request,a7f0a36f0442ff36249773d506d425e49e06ef0f,2464,61
71,request,de1ed5a8baba66c8bdd8d73f20cc43aa3f9521e4,2537,68
72,request,536f0e76b249e4545c3ba2ac75e643146ebf3824,2537,68
73,request,642024036379239a7fa29c27ef7bb4dd3fa3b3a4,2542,68
74,request,8162961dfdb73dc35a5a4bfeefb858c2ed2ccbb7,2542,68
75,jquery,873bfd84860f946ddca86d4ac87e422abf19ec1d,19918,1175
76,jquery,617d181a45cff58586888550955a9c7fe2eb8b41,19915,1173
77,jquery,f852e631ba85af7da4ad7594785e122504e7b233,19926,1180
78,jquery,9434e03193c45d51bbd063a0edd1a07a6178d33f,21754,656
79,jquery,4dec426aa2a6cbabb1b064319ba7c272d594a688,16620,263
80,jquery,a04f5ff9795fd6292117563623db44cf3f875868,16635,263
81,jquery,8f2a9d9272d6ed7f32d3a484740ab342c02541e0,16647,263
82,jquery,7751e69b615c6eca6f783a81e292a55725af6b85,16655,263
83,jquery,33b548c8e3d43b2ebdfb129fd8086a3b0c905919,26843,270
84,jquery,73c6a233e64c9669c24aa195ee37bddeeb8d568e,26842,271
85,jquery,742610f10e071865fb56907027f9d62bc646562b,26857,270
86,jquery,18c9efdafae6ec6f959e9bfa3537b83706e4aaa2,26857,270
87,jquery,f5416725afefb0c8ff3beb4ed4ff4b8ab3d22f0d,26823,269
88,jquery,c25cd3c4ba60daf166dfcee729f0bc69fd52a565,35510,280
89,jquery,d0d2d9b9b004cf0c6763c871646e01ca67579253,35566,279
90,jquery,ee2e377494a882f043e6d8abc67ac6370ee83d9c,35926,276
91,jquery,63e5d534d1ebdb84ee99365c70a7521a86b4ee76,36000,276
92,jquery,f71eeda0fac4ec1442e631e90ff0703a0fb4ac96,36042,275
93,jquery,3ebfa938d4ca68523b41f2a30bd23c1592319637,36575,299
94,jquery,32b00373b3f42e5cdcb709df53f3b08b7184a944,36575,299
95,jquery,b7fc909edda2d8cf63d0eaffe9bd12f33e492ad3,43538,306
96,jquery,75f7e963708b60f37a42b777f35825d33c4f8e7a,43571,306
97,jquery,7a0a850f3d41c0412609c1d32b1e602d4afe2f4e,44498,310
98,jquery,e1cffdef277fcf543833a20d28cbadcd000ebece,44498,310
99,jquery,0cc1ad64ab0f482c13d6edd2a5226f309dd00006,44507,303
100,ramda,585448560f3c164ed61c1437f0857152d2013a86,13315,289
101,ramda,e2fad9bc6dd425a00dd98d2fb7ab1a9c52fce074,14774,290
102,ramda,2b2c745c3187ef9f82d80d67a4e872bd095360b2,14778,291
103,ramda,d4a72c8c01d52b069d52052d2e0c71b17af06b29,15522,310
104,ramda,ecda606dcdcce0c818643d189b2aa055f49d8b55,15554,312
105,ramda,25708a246f15c88163f94bda918b1c0d001c0bc1,15630,309
106,ramda,53ab056f9cd46e41b4d8e4e0a93f5b5952b72b35,15044,309
107,ramda,59951c8f22dfdfd9a19f00152645d53ed32ed286,15042,309
108,ramda,648a0bf18ca71b5ff9da7c3b985a45ffba963a26,15050,309
109,ramda,fbc2e708c89c070afbae369beea26cccc6000e85,15980,310
110,ramda,6141a3040bfec6b2588b80276161b7a03f03380e,17041,292
111,ramda,2ab8a2109f50bfc74ae026ee9df99f7a205b673d,17089,293
112,ramda,5282dc27f4cae6a225113e3415e85f30fc980d6c,17691,300
113,ramda,dbc17cc71467daaff0a91ab64599761c80804e65,17699,300
114,ramda,c0463d536e15c57770914a08b9bf4ffde0fb803b,17746,300
115,ramda,a40a51e94663967fde9861be2607138f8c0ef192,17847,308
116,ramda,c592e687432fda78cbeab165b92a1b99e387a8e4,17847,308
117,ramda,5dec606e0504af973cd6e0ceec8997b72800eb6b,18521,289
118,ramda,d08f0fe7a804c4a7628107d72ab3b21b812a2272,19223,292
119,ramda,7df44747aab2987e6b671b5658ab74abaebdbbdc,19227,292
120,ramda,3dfce5ee44d287b8a6c0460cf57fb9d5a2f468dc,19521,304
121,ramda,7c5d54e8cd5328404fa80bb39959e3cb8408a926,20215,299
122,ramda,6709cb8beca00178d2288f79568cc5ca9e95d2f5,20250,300
123,ramda,ed191e6a476330e37db259a5c2d04bfba0b2d63d,20330,301
124,ramda,6bb8eeaabbe130cc4f9860e9124ae69320636fcd,20479,301
125,hexo,0082f9e9228a29304ba8d8cc0ed833866fa7b3ef,6312,275
126,hexo,078dd71635d896cf36619090297bd2928f8923da,6328,275
127,hexo,b4068c517e8673eeebec01c84cab7c9519640219,6328,277
128,hexo,50b5eb9858d6c833885a8d9bfeb0adf12c8ef6fb,6329,277
129,hexo,dee3b03d2697ad33675a4b2cf761a9f49c9d2486,6332,275
130,hexo,0264e9ca24b42d16b4a38cc22a98f519d55c4b50,6333,275
131,hexo,d1b762d665ee6df25e00b4863ebc26d917c1d573,6352,274
132,hexo,940495c8f1de65e67e873c45b69ed5e4a75088e7,6154,273
133,hexo,c192429c26b61e240e40e565e9245ea0135416d8,6151,273
134,hexo,d852a5d3a184d9b4a409f4737a27288a41979afc,6130,271
135,hexo,f44c914a03880f8a111fb0ab04027657f316e154,6138,260
136,hexo,7fba3c1f667f8beb331f16776f1c7c6908d78c3c,5978,259
137,hexo,9662366f9122192359f15861fe05574365e8465e,5852,211
138,hexo,979d1f4cd31b2c995758323b0ec73630c31a6472,6001,212
139,hexo,23996dc8eef0b2508b1bde15859fd1c2480f388b,6022,215
140,hexo,c0bf22284c0c2e85bcd5c94b11823d86a0072035,6023,217
141,hexo,e2cbad8ee2f20ddf268be9ce8405408def2c9bd6,6023,217
142,hexo,14890743dd00e1a1e7c4bd9c7ef632f609d35a4c,6404,224
143,hexo,acb2154061b0728be6f9981a1b987372ed35e38d,6425,223
144,hexo,b7d15b95cb7e48b855f9d4c72bc24078b7b7a505,6416,223
145,hexo,ebc9008f8e2a3850e93be940849e64fe22c22ef7,6423,223
146,hexo,6635f2c5e8d023d58716b5ffa618ea2dc8628483,6423,223
147,hexo,223a046ff3d51edbb9413d44244cc0c4bfb4ae9b,6466,223
148,hexo,2f6a8225e3b073f4a2653f2a9d32ded077d7b635,6470,223
149,hexo,b65a5623b7f7b539b48bf6ebdab73885841a120f,6479,224
150,Chart.js,98f104cdd03617f1300b417b3d60c23d4e3e3403,39686,551
151,Chart.js,924a66bae23f7e938531024951f7251d46785473,39855,546
152,Chart.js,947d8a7ccfbfc76dd9d384ea75436fa4a7aeefb1,41303,532
153,Chart.js,b81dd0728d5ad0f0aa84b3708755f84897cefd43,43852,493
154,Chart.js,f1d12dc1499cddd709b6cb9939b4aad55398c16a,43873,493
155,Chart.js,8521776076612b28c69385cafa28ccd8b7670eb7,44671,493
156,Chart.js,06f73dc3590084b2c464bf08189c7aee2b6b92d2,44671,494
157,Chart.js,9bd4cf82fda9f50a5fb50b72843e06ab88124278,44725,494
158,Chart.js,8780e15c73c96db58034466e47174eb21b724857,15920,445
159,Chart.js,98e890cc7b29b582de4320ff56f38e04807f7409,15921,445
160,Chart.js,954fc3ccf54d4e8cfa7cc091e8d8c083020ed477,15933,445
161,Chart.js,981eff55538aaaa822c5343ba2a324d9b54003fb,16259,451
162,Chart.js,c56cdedeceed3d60c35187dbcf64608f6b3ceb3f,16277,451
163,Chart.js,0f1d07a1cd4948cd8a417ae7438618430a82f287,16408,455
164,Chart.js,938865f67d35331e00b21a39825b607aa660fa14,16427,456
165,Chart.js,0d6fa55714cda8d2107451e4e5759bf9379a6710,16544,466
166,Chart.js,5082d13d5aed19c75cb539bd81f94e0f953eed72,16558,466
167,Chart.js,b9389f8e065e74ccceb59e0ef29164841e78351f,16544,466
168,Chart.js,4bdb57df8c53fa3f43042c3c19e717fd76cdeaec,16651,467
169,Chart.js,dac71011314a118a33554ca0fe3220ade2cda798,16675,470
170,Chart.js,a8337a32c976393e4648de633dcc49cdec2760b3,16833,477
171,Chart.js,4bf42f4e8edf60c5f8cd6f31132a3686dd457cde,16853,480
172,Chart.js,40e88ba45c656497652030769995ff54c8fc1053,16748,490
173,Chart.js,688cd470e9864f3dffaf2cad8dbf90b5f8a9dc3a,16870,492
174,Chart.js,9fa26f9247419e61e0aa527c34aec3c74273acb2,16867,492
175,webtorrent,fb241986d8547b0cd335148d957655e500306000,3041,134
176,webtorrent,72bfe67beea3d01e4ee34cf236126197763d0925,3041,134
177,webtorrent,70b39be263c763e38e1931b869ba5f72d6fb59a6,3041,134
178,webtorrent,524618edde211a2ce2c9d1e40f68a091699442fd,3041,134
179,webtorrent,474a405e6f92e9e47e45739b9225e48ea43ae60b,3120,136
180,webtorrent,2617d2f84a1bffa0e11347cde8668f5cad902f13,3120,136
181,webtorrent,3c27033bfef2f3013af0d7f8dc4f48c8812baa3d,3120,136
182,webtorrent,f13ef12bf05c98416d5fa74c8fbeaad11076e83c,3120,136
183,webtorrent,662af3752e77120cc9173704b20001fd67ae2022,3125,136
184,webtorrent,ad7e7231c6031cadc4d1f35eb64f80bbc064de71,3125,136
185,webtorrent,3f4be3f45bca81309bdaf7ffba9dac06cbed2b58,3125,136
186,webtorrent,52092078ef49ad83f1394502b3678551f9482b32,3125,136
187,webtorrent,79c7866e31066340abb843338ec76914fd096dd9,3125,136
188,webtorrent,58d3a7094f217b4eba9f3b4008669405a48ecd10,3125,136
189,webtorrent,fc52520c340b8ba2a416fec2f71c453f67ec18a4,3125,136
190,webtorrent,a46a7a51d9fd8efef86533c5868a2d23b1346b6e,3211,136
191,webtorrent,3d60654821e4cf9e0a728b57b6844f524489d8f4,3419,145
192,webtorrent,5055e5f9320279bde8f3cd08948ec3953efec110,3419,145
193,webtorrent,f4f36d9415ab974293503b0e6be6eb7eb6799adb,3419,145
194,webtorrent,da6e06dcc30ebffead3704012a78af928511ddf1,3420,145
195,webtorrent,7bfe3c778b6bd0c85a1f6cf8cc658b81a4c35784,3422,145
196,webtorrent,1499cbfc143bba8733a9cd426877260fbd39c059,3425,145
197,webtorrent,a213ce3bc98cea8f9c42ed2bf8e9920407bfa869,3425,145
198,webtorrent,7906081aa03b022451d55027360002775655e2bf,3422,147
199,webtorrent,b16cdf6c263633b268a0dd4930172d8eb8cb878e,3428,147
200,riot,c3b793b97d84d18062303c20d3b28e94eac91d22,12162,94
201,riot,da57424363b1f0a8a453fd804b47cf17d2c9862b,12162,94
202,riot,3135c62f88df497b907cf27c571e8820565edfca,12235,94
203,riot,d39139ced70212b532cf424021dd46e48d494bf2,11705,63
204,riot,ffd4717628763965fee6aec4854bfd96496081c1,11701,63
205,riot,92dc7129ff0b798ad19cb7c838a275ebce9e45e5,11693,63
206,riot,f11b81d34ada9ed298034d5aa474f99e5226b822,11707,63
207,riot,1a6657d35bca9c9a75e0170f9b7a1bd8b4a9348a,11806,67
208,riot,f347b3fdd66685ac8ba92ba906ab38157e59de8f,11944,63
209,riot,4e70e79ce089a74287b732b90eff3e2c9501400b,11954,63
210,riot,ae55c34f15d45f6129d13d02f2cf0d5abe3348cf,11997,63
211,riot,8f8e5371971781e3a9aa8db8f4cbe688496563ce,12031,63
212,riot,7816cecf0275f812f8efdc76f91abf9b03489806,12061,61
213,riot,e87d18574c4b656db4bb25b7b582ce0a17a9ae5f,12061,61
214,riot,a902001d15b69d9bcd1e333112bbf4015fc93729,11386,61
215,riot,d886da18da2a77f5dc88cb7c5947955bae6112ab,11390,61
216,riot,12970e25671ff84523c220811e278085ffaaacc8,11387,61
217,riot,b2afbb883a3c79f0534edc670376de67b384c985,11228,61
218,riot,7454fe3b70cf1e4677d163e355636ef4dc39712b,11228,61
219,riot,5883bf53734290ebd806bfb66e73fbf623c7b044,11252,61
220,riot,024e807af2f73517baa2a44589d73644d5b83bb5,11712,64
221,riot,2ed88a43de92f454304ec037bce442ffd06d23a3,11712,64
222,riot,d1c9ff05e43bc48cff49ae2bcb2f01099464d106,11714,64
223,riot,faf1870fc91fd44312a011d3670269c90c152fe6,11722,64
224,riot,52483c52ac5cde3bd73daf8c96e5f2b87891087f,11727,64
225,d3,37e9b0e48543ce4c2058f5a33f29b86f33993628,77,0
226,d3,ef9dc7ce9efa3eb107b558f4644faa5d9adcc038,77,0
227,d3,7c711baf51a1485ed8f99f8a6a96dd388409ecf3,84,0
228,d3,705b98cf4804b50a1540881f286124da5407dfd4,84,0
229,d3,7244e45e68af39c519f76667a03039d5b24dd453,84,0
230,d3,89f298aab41928a47ef254985fe4eecb3bb8455e,83,0
231,d3,b1acc348dc502d55d578fb4ed4188217e0fedacb,83,0
232,d3,fd1973a949f8451cc153865f0bf895e1b608b99b,83,0
233,d3,3c63660903dfc459ab9ac6df2ab73912df3a7924,83,0
234,d3,a8baadfe75a8d8b2c325b4b545766eebe95939c2,83,0
235,d3,e9fee2c85a9bceffe928d1d438ea1272224064f3,83,0
236,d3,12336e3a01bc90359d10909d22b12488bf114174,83,0
237,d3,37cd9bf680a1d7e7eb4c3141bcc34c1e480c32ba,83,0
238,d3,607a60fb73f1f8ae8d642f13349517b0219996bd,83,0
239,d3,76c92ca5533acdd255be979ff5a3f26d1aa25da8,83,0
240,d3,31d73d1fedb13ab7a99e147cf98b9d31305312d6,83,0
241,d3,5149a2f8958f994814cb2f279338cbf381b06aa2,83,0
242,d3,1b8bada730e1b38f75cef155cf7ae81ebfe08eeb,82,0
243,d3,0baee7d3f89dce3977d4f8e7f82139472b7fa314,82,0
244,d3,70383cda88cc324534a1b3f0e724f34497ef2c1c,82,0
245,d3,156352444d2faa87aee1c0b4fa52bed5061bbea8,88,0
246,d3,978036b1eda8492fb4d88239516bc3f2d3f54842,88,0
247,d3,75669e2aa80991bc5388c9caf7b1deb48e482e6a,88,0
248,d3,8a1d06de8b43b6c40b7eaf204cb6c784ca8f7e44,88,0
249,d3,623b216173ad282e1457f5008cf59c848803dd07,88,0
250,axios,ff919487e13430098d3da37a37cc04c3f24b59c4,2939,60
251,axios,377efb89aed819ed1cd416b69f057632ad5664a5,2959,60
252,axios,c96348660dacddd32676924d4f1bde535c45fb77,2985,60
253,axios,e8c5c49ea2f2cf4fd45eaf81270a6d23546e2c93,3199,62
254,axios,3f8b128da4ab11e34f0b880381f9395b2ab0e22f,3190,62
255,axios,3af756049f102be2eebafdbb108f10173380a68d,3199,62
256,axios,4976816808c4e81acad2393c429832afeaf9664d,3216,66
257,axios,19b794848047e51f5d8689cf48820c986df49d25,3228,66
258,axios,5c8095e48329dacaec1f8d43a9b84ed275fbd0ef,4978,66
259,axios,46e275c407f81c44dd9aad419b6e861d8a936580,3277,66
260,axios,2c0e3183215d9a5fbc2ee8f35f459ac0e4d9f99c,3304,66
261,axios,ad1195f0702381a77b4f2863aad6ddb1002ffd51,3304,66
262,axios,d59c70fdfd35106130e9f783d0dbdcddd145b58f,3317,66
263,axios,face0165de613696d10b1fd2a0e2f7b3852fa018,3225,47
264,axios,8d0b92b2678d96770304dd767cd05a59d37f12cf,3637,53
265,axios,960e1c879892ac6e1c83a798c06b9907e35ad2df,3749,52
266,axios,2a0ff479f9fb7f09a219f5178ca85a6519562ff1,3728,52
267,axios,0d8765562401910c1c509f6739a3bc558721e123,3787,53
268,axios,94ca24b5b23f343769a15f325693246e07c177d2,3777,53
269,axios,a64050a6cfbcc708a55a7dc8030d85b1c78cdf38,3819,51
270,axios,c0c87610911e1edebc923d0e932fea28cdfddae3,4323,59
271,axios,66c46020bd01b39081259ae74edc2afc283818fa,4353,59
272,axios,72f14ceef7dae917057f1d5c221713610a65217b,4536,64
273,axios,1025d1231a7747503188459dd5a6d1effdcea928,4525,64
274,axios,53d6d37556a3443b00b3d9b4e7a934bf1d81aabe,4525,64
275,yarn,ddceddc5a3437fb5eece710293162986ce5cc4d7,23216,513
276,yarn,6b44fb17d09f14e37ca6053db79639879c205e51,23228,513
277,yarn,77c2630a60ddca1ff4df559585697b301b283aa3,23228,513
278,yarn,2c915bda5f35bb805820c159257d96df23e3e9d8,23231,513
279,yarn,c08d0e31d769bf18680f86f0ffd8efcc56fb4c61,23260,515
280,yarn,c3d256fcf641de4fe8d4d6034a2b046fafae30c0,23299,516
281,yarn,cabd2c5d07910d99dc47cb5736899f24aa720fc0,23320,517
282,yarn,823b64c4597ba33050dbe71415223ecd77b609ef,23338,520
283,yarn,9c05a1c2928913b7eb28c0bebd90dce388e2f149,23323,517
284,yarn,604b4c89515830271910c0981cb5a7c008d35b70,23369,520
285,yarn,95186d5f61ea34de7be6c59b7cfb934cc3b31988,23394,520
286,yarn,eee67d02ed09172d5360df0fa0b9c73e23449818,23431,522
287,yarn,4d6f90931d2062540d7dbb963a47ab62b5b0deba,23445,522
288,yarn,460e0ee3da25054b2e490693af8d435bb776c871,23450,522
289,yarn,92a539cca9437b03109042b049f3bc626ec1db8d,23450,522
290,yarn,e5327c5f6db9d73760443caf8702af2a5548c24c,23450,522
291,yarn,a3b963cf0956f0c92d024fbab9df5d1bb4a38a93,23456,523
292,yarn,785cda8020aa5f513d6f60b8349bca8dab9dd79b,23512,524
293,yarn,59cb57be4c856346adf11d2099b9a1b40a387d32,23532,525
294,yarn,4a13eb3fa94f8f2ae173ba64aec604c99aa061c1,23617,533
295,yarn,1c92d6980a4d385993c689c577c627de5face64d,23617,533
296,yarn,dac4134db36f6c3d7cfb4fe4ba3bc978b8fa2514,23620,532
297,yarn,42682fa9cfbf729140d764c60c192c17f6bd64a1,23620,532
298,yarn,efa4cbb023216bd2483914bc3e1f2f1ca59ad2c4,23619,532
299,yarn,2d73345615d28f2f2fcd9fc9d39ab2ae89f3b2cb,23618,532
300,serverless,48bcf048d343229b51120d3e7ceb41488fbaf888,32749,567
301,serverless,fb46396f5245153f7739dd42e248a152f1fb9b60,33208,575
302,serverless,6b857c347fcb37695b8f1a3ba9f9aa224dc565cd,33240,576
303,serverless,3ccc8cf91c7e11aba1a4fb0852412579b38588ac,33225,575
304,serverless,21aeda4482b4128c0e8df9bf7b35315964c99751,33248,578
305,serverless,c9e851ea605478c692eddf2dde2d20489cf9ccbe,33252,578
306,serverless,680b9d2479fef92ffdff4088cae529f8574017d9,33226,577
307,serverless,e23cef0910fed6dbe54b5fdff630dd8ade87f78b,33290,581
308,serverless,0702a968b530e9bd4175345ebda992613db754a8,33712,587
309,serverless,5c0b270e42f1b483419f36652aa324d3f95209da,33751,587
310,serverless,cc2b302694e801cc8f0f6751955f38c51735fec3,34020,610
311,serverless,abbb18db8ed33ab5b186b0f92f3ed335d7397bc6,34510,624
312,serverless,f73062fa4065ff8b0b6978ec49608bce058df33d,34500,624
313,serverless,2027f13fab44137611f74915f76670d94c4614ff,34512,626
314,serverless,5c5eec9e5ecf26e0d5e9e0347e4b32198d3cfe60,34541,627
315,serverless,519d091b526a4fcdf32064dc21896c6d3d7c84bf,34697,637
316,serverless,8401ff7378e565b40be757e6c6c644f90203cb03,34951,646
317,serverless,3e19547608bfbee6af50b5cee1f3af15eabc3650,35191,648
318,serverless,2d6740e71c4be39b8670d936ecc27e03e6bf1eac,35192,648
319,serverless,6a2be57a088e8caf5a0a735e677184f80c362e0b,35410,663
320,serverless,53992814e1d404ae3ec1823be89263c215883049,35424,666
321,serverless,1f8597e168d145096e6e61c787f328343c084a61,35424,666
322,serverless,ce66591a688ca734eb34eff929163134d1d21ae8,35436,667
323,serverless,317cfe1e91eb7ba58fdb2a151a7cb4224ed21a37,35476,667
324,serverless,4c341b154096629341aecb99dd69117447bb1557,35584,672
325,tailwindcss,59f3f53cbb179e6658d1c19ddb7b646018b4e579,11324,113
326,tailwindcss,1aedf1033f63588e5ca5c83a1f9070b67d093719,11325,113
327,tailwindcss,da711020d6a79ddcbb306bc0013a508291ad6ef7,11349,115
328,tailwindcss,a061b3884120a325851f27ee7693af2b73b1d38e,11349,115
329,tailwindcss,0bc3eeb0f6957e51a040882e15b2ed1906313326,10380,151
330,tailwindcss,2fd6575095cd058f1e6a7f318b63e29a8ac7c934,10393,151
331,tailwindcss,9e77d743c3024ab2e0d7b748df21cd62db1c3ab3,10398,151
332,tailwindcss,041eed0d46c4077b52595523776921d62993f035,10413,151
333,tailwindcss,d852de67854eb01d855b784fcc19a959956df3f3,10413,151
334,tailwindcss,c1c5cf0923a56ea15eff138cf10bac4f63a89872,10754,154
335,tailwindcss,4d598d59aa76c08b2c5d1ce73ff5f2bc86f408e6,10760,154
336,tailwindcss,5100270bed77565daacaa612617d7fb980676c3d,10762,154
337,tailwindcss,211f40b175c56a932ced3801112b9056a85aee66,10845,155
338,tailwindcss,267f20c47e9e8f49b526db4283c28e4a6d869545,10846,155
339,tailwindcss,7961556af91686a30ebc969967b8ace53f6d9aac,10849,155
340,tailwindcss,ae0d84f7396c2daebf70be3af33efffac7318359,10849,155
341,tailwindcss,f6b862c2a3dc77ceda2ba46b7a2b950bb8788f28,10853,155
342,tailwindcss,454a189d2f04be7e8523c1c41dbaad1314c75da2,10859,155
343,tailwindcss,cd15b3e985bd0c7cd8acf816e4afd063ed59033a,10853,155
344,tailwindcss,0d8be3d330a8efd4d7a1f26d644889cc533ca8f3,10854,155
345,tailwindcss,dbe797dd230cd1f501e3c4f22648cf242042a2da,10860,155
346,tailwindcss,769d22fecc1c5faafb5b5d6c406ac33ed3ecc33f,10874,155
347,tailwindcss,a601b9f2acd388052e22643467cd530a9f74b65b,10874,155
348,tailwindcss,ee87fed11376b2d23778ca2cb8ea99108416a734,10877,155
349,tailwindcss,99baa6e3230376b68cf4b7be7dbfc6adc9874b82,8974,189
350,json-server,b2bcabb71e273a2b655d71a89a9a4b5378b73450,935,27
351,json-server,442746efcc5c7fb9cb6453f649e33c7a256260ff,946,27
352,json-server,697de0d121aeacf34b1408688404c3e269172829,952,27
353,json-server,c7b38279c34fdd9c9fa4b98d04d396bf196e15f6,1032,28
354,json-server,5ee5640ef76debbe8e1da7f0741e859d0576ce48,1035,28
355,json-server,bc1497de25fe8ff961aff1d0079906b06bfede69,1031,28
356,json-server,3e2ae702eba281bdcbe1209d0c9a6237dd581a97,1040,27
357,json-server,a1d53cac835743303aad8dedd162fe34828cccf8,1040,27
358,json-server,b1181efe8cbfee73092ee5f3a59d409363cfc0c4,1029,27
359,json-server,91a581140539f1bfda8d1d7324ce53d052f1162d,1030,27
360,json-server,365d44e62f14d88b8115db4b90761d219a4c124a,1030,27
361,json-server,3707376b8ab06e232e0a9bbe34eab9a292305e95,1036,27
362,json-server,dfbfd56511f7ea2decb8bfefe3b6e1b36a9b6a88,1062,28
363,json-server,95d75ffff1c13ec7679b9ee8e93de3e19a4f7868,1080,28
364,json-server,0241ad5d355c125048fa3f16552e29c29ffa3049,1118,28
365,json-server,195fe783fc77b44c1fcc7bb4674161d424d9c85a,1165,35
366,json-server,6dc3e51904a486cf42ac4fd0fcb6ec5ea334ef71,1226,35
367,json-server,44271412dcca08268cc844b5b11d303d265a0448,1226,35
368,json-server,4d1ffa19b3736ead1b8d985607ee691d6b7ff18d,1222,35
369,json-server,1d46249075627b7bb7511f6e5181382ea5d00df6,1226,35
370,json-server,d9451267023c76027afc0965e51469ef28afed7f,1203,35
371,json-server,622400f7ead64f02e626a7eaa38035fd1438b835,1203,35
372,json-server,9bd1e6f448883c9a105f9eea75fd120946ee25e6,1212,34
373,json-server,870feda3d06afd5356b9649c9d9eb639224b5df2,1172,32
374,json-server,15290bf46839e0c87031e636d7dfc6b9cdabaa8c,1172,32
375,create-react-app,c1714042b60ff48cb08407bec236c0a92d26773b,82853,124
376,create-react-app,73e3d0ebf1f2834e1c8c41d3a25ae5e0e99e6f14,82853,124
377,create-react-app,b02f181d0d98651bb5144acee276bb0f2db67c60,82958,128
378,create-react-app,1548e39bf7b6d10691c87d40dfad76dbafbe8d69,82880,124
379,create-react-app,b5887dcac7a359318f362d1e9a3e54aac388781c,82972,128
380,create-react-app,e69ad37fcf218b24ee141ee06cb0844e5aa7589e,82885,124
381,create-react-app,c17e25bf7f9dd60c49cd491535114beb5592ff81,82972,128
382,create-react-app,265c1592dcf3853122dcdd50e1bfc1e43f697fbe,83197,131
383,create-react-app,57ef103440c24e41b0d7dc82b7ad7fc1dc817eca,83276,131
384,create-react-app,a78ff74309430e15cd8b71b5bffe3d383679fee0,83385,132
385,create-react-app,4410f5ec30783cc60360b6e2306b95eead56c015,83381,132
386,create-react-app,a825e8f5e3b7ecd84a0bcef61bbc26eb4e8fd9c3,83392,132
387,create-react-app,7fae307aefe74282f2ffc98e8f1f401ddf5fab3f,83493,134
388,create-react-app,9a817dd0d780ec401afb1f99dbc0f3bdbcd51683,83754,135
389,create-react-app,d7c68420f7ca1c03b50a2c6b9ecd9c7bf94a10f6,83812,137
390,create-react-app,8b0dd54c7a7488d46a43ff6d1c67a6b41c31feb1,84022,136
391,create-react-app,d2f813f8897ffcd2f0b0d2da75d0c44924c92f4d,84030,136
392,create-react-app,fb711eced3a40d55a20dfb908fe9756277294bdd,84030,136
393,create-react-app,f04bd63c0b229544002250440177eb564ff2d28e,84030,136
394,create-react-app,6c009edface3ed63d0c7046f088c675a63c82fdb,84030,136
395,create-react-app,ed958938f642007645dd5ac3466db36202f8754e,84149,141
396,create-react-app,de8b2b3f2d0a699284420c19d5b4db0be776e0cf,84147,144
397,create-react-app,9c752607bb1e96c9819a2eebc330c66909b819e0,84157,145
398,create-react-app,f92c37a6e6636ed1650ffd976c6881f59b1be803,84157,145
399,create-react-app,9673858a3715287c40aef9e800c431c7d45c05a2,83843,141
400,mermaid,4c38b1a776d83a00e12dd820b1bee455c3954e3c,111132,2294
401,mermaid,0918b97e815ad77e8b8e88ebb52400937f197885,111319,2336
402,mermaid,4dc805d25add19ae07ac9fe8951b4036332e0530,113532,2483
403,mermaid,0f9da18cbe9bea6021ab78553902e5a1a517d61a,113658,2481
404,mermaid,e3cf8b78437bb542029e91a022c81fbd4d361e6a,113753,2483
405,mermaid,3c5da00230a586843364ff55f909fe27be2c0b41,115045,2572
406,mermaid,be95b93a2d91d62bc8618b906356514232b4343d,115254,2573
407,mermaid,a5cc75c1f7b722ebd0c2f848b25e2350655841dd,118916,2626
408,mermaid,8b3ac57ce7e6ae6ea4a66a9d8a28d8fcde936bb9,119380,2629
409,mermaid,417428aceada045eabcc92826c68e08a1329c98f,121046,2666
410,mermaid,eef4ef54a177c96b0efcf1c8c98f8d4d9f454e00,121623,2683
411,mermaid,33e8ee6c0e8bfd03f5d3fee51237a156c2e5a537,121383,2686
412,mermaid,9245b0bb8b82c200c7c7a277cd619db6e5dd7715,121455,2686
413,mermaid,af7f5d0aaf3ede2f2efca6f24ec527c4e7065e2f,121476,2686
414,mermaid,a670b678445f2894844ecbe7352f994396caa518,121632,2687
415,mermaid,962998810bccd537365f7de45891ebba48487cde,121673,2687
416,mermaid,296a64f465021a8424cd72d495a24f4cc3c59c1e,169189,2694
417,mermaid,48b6a32fe19af7e600fb0df900aa5956159e52d7,169189,2694
418,mermaid,75b79e1b23f288e4706f21f62925c17c676cf4c0,122475,2730
419,mermaid,029042393c795b4b3ef9c91ae66564610e4b0c89,169826,2730
420,mermaid,2758d6477803dd9e5e8975b0d93b33c69be7b377,169826,2730
421,mermaid,0d7d5ddc5fbd8482dd7e907d3eef41cd1240f68f,165199,2756
422,mermaid,650bcef3d1f940aec0cf4b81d1433b74b5e0f55c,166261,2780
423,mermaid,2ce18ec2a8c6f6c2ece20f749628443ac663119f,167711,2765
424,mermaid,a44714c715e49ff2dc86a401962dc5929b6eca06,35574,2767
425,nuxt.js,56b158e7d689ba9f57e7aa83d672f5f32b18767b,16683,227
426,nuxt.js,c998072c94eef659d45819eaa2b18897b8923538,16680,227
427,nuxt.js,e3821ba78c23fafa753941a0c206bd23e39dd678,16712,230
428,nuxt.js,60f68638cb80ab461c5b02be34e8797677bd8dd1,16886,237
429,nuxt.js,c30499d7e02cd6d8b51d97ee7d7a537d8a59f63b,16060,242
430,nuxt.js,34c56722c8c97c0c6a59ecfbc5836c38047e4572,16079,240
431,nuxt.js,5e9d759d7bee6a3d32e16ef05eef988e882c600a,16079,240
432,nuxt.js,1a77fba4eb247faa3f1c8ec0fa49ce372abeb1d8,16080,240
433,nuxt.js,3b037720f2edc3e351d200bbb8525df1e93d7aad,16079,238
434,nuxt.js,41176577ad71a8b91a91ca8f458fd64a278dd88d,16088,239
435,nuxt.js,265d0e7aac3df9f83f323c4d2dba11434956fe9b,16124,238
436,nuxt.js,68d8fb84872b807b2149756bb97a84961854a2c3,16247,235
437,nuxt.js,e9f380c9e6b729ab77b38babba6ad15e95b4efa8,16248,235
438,nuxt.js,e97051adfafb9517cabbfd9b87a02e8c37ce949e,16268,236
439,nuxt.js,d85f4b92642f4668463deb286524d424e57a1f62,16269,236
440,nuxt.js,bde4c5f6b0e643716d97027cdd185891ada02f7f,16265,236
441,nuxt.js,dcfb42b77221f559e7ccb09edd5c2a2004c5bc6b,16630,245
442,nuxt.js,95daddf43c3b9e9474870631727755ecd2e94319,16631,245
443,nuxt.js,b7f9cdc2a44dbf25b1bd1845fdc8ebb65b0f0754,16640,245
444,nuxt.js,24a0c7e27123874f9545c46852b2e7d34920b017,16645,244
445,nuxt.js,b39dcda6adf21e4eb82caef7895440755c6d96fc,16684,244
446,nuxt.js,0460a278ab5258f0cd6d3fe8fc014f892b2bdaf6,16695,244
447,nuxt.js,0eae970e74f1fbf29f400a3178f54061a79bfac2,16695,244
448,nuxt.js,4f370e2043b7731db0e8ef65a4f88431cd8795f3,16700,244
449,nuxt.js,d4b9e4b0553bcd617ecbc0b8b76871070b347fcb,16704,244
450,materialize,14560a8f908d03faba74b4726987dd18e73e7f1a,8399,436
451,materialize,857e285ff733afaedcc174b8129a937a1689f2d6,8757,443
452,materialize,8d21de57ce3c670e353c334abbfb21a3d3271ed6,8784,440
453,materialize,bcd78385949238b376c7ce345dc93e0ab1c04522,9077,447
454,materialize,0c6c51de3fdd3c4c2560b9b00aca9a54615ebc52,9294,462
455,materialize,44a049d2833b19ded5e2cb36264fdd8102056723,9814,505
456,materialize,8565164885f846635cc4731d120685f270a8a76f,9907,482
457,materialize,c6fccc264286f1256894ea4accef577077492ec2,10412,496
458,materialize,b3698e6282997eecd4cd9abf8720d4e605a762ee,10459,495
459,materialize,be71d5d8834cef844700f1a331191f32688c5a14,10676,480
460,materialize,8b9ea2fbdc3eb2e5ad698627b6f4e2f93e991269,12124,614
461,materialize,dc869ecb517504be4a62278349743ce9b005e21f,12878,661
462,materialize,2ae067cca8ef38a0823dcdc3c97aa505e04b2443,12907,664
463,materialize,e5019cde29e02e2a4f9c8a1262210ec6476004ae,13508,675
464,materialize,14f272a58e3524623e330c736d3a9b88ab500cc2,13507,675
465,materialize,793e5716040cb133041b55be75b1fae51debb9f3,13680,682
466,materialize,c0bf0b7e71e4763bb2aa31f8100c7e0e97964cec,14716,699
467,materialize,fda1e45c1ca38dabd12143e595d0b01f4f9f4858,15253,714
468,materialize,a2fcbfd56183e09c31464f4c6851d63eecc915b2,16100,683
469,materialize,2a27dc5fc5745001986055fdf3985aef32fa2def,16439,721
470,materialize,138be0b945cc8e1ee24d76ab6c1240c3f3628565,16562,722
471,materialize,d63977599a4efd86820d84fd9c0bf7ca5479744e,17902,741
472,materialize,682fa26d4cb0382eeaf83a33f1c6c62968cb0038,19376,753
473,materialize,72f2e944b9a600b8df49dcd0e2e404c48689aae8,19376,753
474,materialize,9bc43a1199ad5dfb78d58ba47726ab039218a939,19420,756
475,nw.js,1cff52df558bcc972da4026b57b3a7fe701c9682,3412,152
476,nw.js,1b1e13abdddf059e157eba5780e1fd8eea4f7d81,3431,153
477,nw.js,a889442d0eb5d59bde5803c7f4ee6fbf9a91fc7b,3437,153
478,nw.js,311b55991eb589bff595e8046faf45e701721ccc,3437,153
479,nw.js,2d5b629846bafc015283ccc5e2710363cb00c964,3437,153
480,nw.js,4d659c7f8cb939d067985448411cc1302d3db43f,3437,153
481,nw.js,0789755cb8f6edbb90bc2ee0dbb9f8ce8d3240ef,3437,153
482,nw.js,7bffd8acbf7ee21eb9200e621ce900388ea6286a,3437,153
483,nw.js,b189fb748d880ff028562d766842b2865901b706,3437,153
484,nw.js,9b432517ac8e1cf45b26459c0ec50dd2a8b69745,3437,153
485,nw.js,52793ffecc823e31b5deb1ad6d863abb4f85da8e,3437,153
486,nw.js,2a0355070eb093d37cad8ed27afe11c88efea10f,3437,153
487,nw.js,0a2529c3ebcaba25932e33aa5af04625a239c415,3437,153
488,nw.js,c46e218659773ef850f3b173de98866ed80cf511,3437,153
489,nw.js,1313ab683949f411fe3f9e846c8bef44cd82b36b,3437,153
490,nw.js,a11d74ea18975c9ed623dd9cc4637c18b6ebc9ee,3437,153
491,nw.js,995a532e01267b9841ad65f75a4b709d941acf98,3437,153
492,nw.js,1b1df717ba12c037bac2e5145f13757d6ae04ba3,3437,153
493,nw.js,6fc917666dfd47135e2e552c4b799cb9d7722444,3437,153
494,nw.js,97776fa8ccc8eb8864a938faa1f427e7dd5ec29d,3437,153
495,nw.js,e663a61aeab0246206046d53095ef18c31355c5c,3437,153
496,nw.js,281ec999a1e97909908a84aedd67216efb4da029,3437,153
497,nw.js,6a201e18159d39bbb7409648adf9cf314e7223d5,3437,153
498,nw.js,0033ef96d56eafc583da6c5f1506cf99eb4ce417,3437,153
499,nw.js,7ca01f2238988a63e830baa22328a76fa00a3176,3437,153
500,dayjs,f236aefde6ebb706a5afc4578597e99ff9511e87,6778,220
501,dayjs,e3750ecb93b56d08a79e1f4cd666b9863f885a2c,6852,220
502,dayjs,7556d70b4a0ebd5c40eb815e1f50e2a832f4275f,6854,219
503,dayjs,b18f73928c056b2903f4cdf5cf408592291432ad,6928,234
504,dayjs,6e5ffce3af00df88428ac3634d6a89c985d79217,6966,236
505,dayjs,e1890c969122c677350af2f457b7066d1fcf787a,6969,236
506,dayjs,82b50343521ca5ec41a2faf2f05c4d9050801308,6971,236
507,dayjs,a78956e8664afa61bb2744c7a1bbe01d2589a4fe,7081,238
508,dayjs,de3e3fbb9cd0be9c0a4e055dc9cfd84f4e9f484a,7120,238
509,dayjs,ae83edf56f7b9d24e6587b385fa650284426115f,7121,238
510,dayjs,181c6470b0ae7fa00e15a767a1df47e72be56a43,7307,266
511,dayjs,c0200e40ba7f4ae896fac03ec1dbab24d00f4e6f,7309,266
512,dayjs,e21aa170a31e4b4c4078adf1cdc4983bb98e6a4f,7341,274
513,dayjs,236a2d8c0b9b623a865cba67c15de68d0fe00257,7362,274
514,dayjs,ed9629b5ab2895652111fc854e6081422ed5c010,7379,274
515,dayjs,17221ec149161e5e87a7b34fb8562d3781913216,7416,282
516,dayjs,fb3dd1b692966fdc41839ab4962deca9715f2d50,7438,283
517,dayjs,b60466e42c66d14a3813dfbc75b0bd80a912af2c,7526,283
518,dayjs,873b749e67f35f206bccdcd9cac367ee0b475203,7526,283
519,dayjs,ac9076024507684ff50f1e9a67af1f9172b11ee1,7529,285
520,dayjs,907478e40511acad95b7ea5be04b9bc460a99785,7548,287
521,dayjs,2ab64ac3e84375e167fe1b23cb2282c9fdb5c930,7641,288
522,dayjs,aa5b524608c363a8b1e8b74b99c50ecb929075ce,7695,301
523,dayjs,42e494b447cec61428d80fe258edf7ba7a7ec202,7763,311
524,dayjs,9a4370812a47d8f5e8e32660f5f44be23b55e52e,7844,313
525,edex-ui,3e2231e7e8fa30bf7f0ad64db863ce46a50d80f6,943,105
526,edex-ui,caa5080053128449aa101adb69313a22f28ba955,951,108
527,edex-ui,77bdac76e4701162271962a51116350f822d0b0b,952,108
528,edex-ui,3720abde39bd424808e2393b71d3eb658b5d9038,1029,117
529,edex-ui,b0e01d0d82890f86156d04e54dc48228b1bb2b38,1352,142
530,edex-ui,f9da74968d44a85f8c9a64d10565b35b677af94a,1352,142
531,edex-ui,059dada73b4867c65be0631f68032e2178b4a8d0,1945,191
532,edex-ui,a208552e7babe9691471ee2290a5a116ba7fa560,1979,194
533,edex-ui,b26e619364708fdb6caf8c9228a89cf6a881aab0,29576,247
534,edex-ui,003c1a03506bb05775a4ab128aea9037a9ac6440,29575,247
535,edex-ui,756c9ff779aa6453173c99ba8f407c1b834c6e7d,30546,299
536,edex-ui,e876dd41c3f07fad61576b3fd9218fb5dd674364,30545,299
537,edex-ui,4e8e513f6f0b03fb2e8169d747fb3ed6cd4f23fa,30586,303
538,edex-ui,03c1ebccc6f590ec1cda3fb045385b27d1296efb,31311,330
539,edex-ui,7412420b3d831f6f2643caca970c71f410694ee9,31381,333
540,edex-ui,05d656a1c69f89d113459ba3e0ff5bda8241e508,33594,392
541,edex-ui,ba987432c11fcd833bc7d79511bdfdb58273140b,33933,418
542,edex-ui,595e9037b77f5bf145c4e65323875d2549cbfd0b,33933,418
543,edex-ui,590c67518a2c3fc3f0f1f0c6adc401c763b1d516,34024,423
544,edex-ui,e8a36aa82627d8cb946890494edd89b821d4dd20,34809,455
545,edex-ui,fa17a8a19e704328f544a674ac2e517fffacd98e,34976,479
546,edex-ui,337cfba4558d8174b1401cf9e273d75e9ea01ab7,35341,500
547,edex-ui,a6dbc0b2ff918799c404fd92f172047c5b662d01,35392,504
548,edex-ui,ee73621882226acb3daeea012fa0c597a6a36a24,35410,504
549,edex-ui,7a9205bf934914407394442f57475d4fefd3213b,35492,503
550,fullPage.js,af4c20dd083961bf3cd464083ee1e2ff7f667fcc,8746,349
551,fullPage.js,8be3a53ffae635d5cbb368afeebe642e659de7d3,8800,349
552,fullPage.js,17bd7913cbb24c0760cfb68069ea32a52d037f3c,8745,347
553,fullPage.js,e13f9d994c802f78aff9ec33b76d7501a9ced458,8808,347
554,fullPage.js,52f68a9e28c3d6e97c78733257127b06996c9ff3,8796,348
555,fullPage.js,3e33e653f579ad7f6ba927af3bb6aeb4881a436e,8813,350
556,fullPage.js,fcc11b0118305e13d80ca2b4dcf84f8795a8fd57,8815,350
557,fullPage.js,e94b8b686b100a8e268360568fd3718a7fd13ce9,8815,350
558,fullPage.js,88145209d3a5737d19be704ae77fd3f9efcbc94b,8840,351
559,fullPage.js,c2d3fb5793790ed2af173e0915803dc967158777,8904,350
560,fullPage.js,fc34fb061ea7e03dac93a45c0673b2307ee6a76d,8903,361
561,fullPage.js,c0019fbc33ee54c82a593d91fa556b572352aa32,9017,361
562,fullPage.js,710472111b190d062486ddd3c9d18bfae9391d70,8840,352
563,fullPage.js,aefbf8f7947408ed3105a6e6af307ea32ef96502,8871,435
564,fullPage.js,4ba9a4a404b9c96ea8acef3714f7f47d87ae7fe0,8978,440
565,fullPage.js,3f2a8ef9405d64a7d24460811435c561870f9259,12367,440
566,fullPage.js,e5237bf3e4bf6ed2a68f28a17e7a9b201493074a,12472,439
567,fullPage.js,8bed990477d0d18366dc0a887cf3abd511cdab89,12563,441
568,fullPage.js,54a56240ef4bbc60cda8caad240c73070a2cc89b,12860,443
569,fullPage.js,fe7ff787379754c372c4678acec841e0f95ed3b1,12863,444
570,fullPage.js,ca7c4321daa4b2a0c3c3f44946e9ad6ab39dbe10,12905,446
571,fullPage.js,ed9979ec5a5edcf8a8f303018e386abb19e3164a,12962,448
572,fullPage.js,4058bc3d56082a4f0683fb22bd46e5c21f991c5d,12985,448
573,fullPage.js,91ad8db86fd6ddb0c32af3d3e5800070794f66ba,12987,448
574,fullPage.js,cc20f6cb46dd1fdc84599ad82aff5b0412970915,12991,448
575,koa,236ba7056959a1cef47fcc2b0108fd0a053ea17f,1387,33
576,koa,aaac09af1a6aa02161fead1422fac460fbdcce3e,1426,34
577,koa,418bb066af4a79d52de7df913ca982607958dc5f,1445,35
578,koa,bd89dfcafc5263b80eb9b79834caf9661b1265e8,1445,35
579,koa,916f91472721741f96d45b734dfe5e30c7e17b9b,1448,35
580,koa,45464b5174c38b4ed992356ac2e7e18d996172d5,1448,35
581,koa,41257aa91e437149112668dd018aaa2081f98d0d,1528,36
582,koa,e6853af649732e084067c0f3827a4b0c31a95a66,1528,36
583,koa,e01cc5a1cf930db7c2a4a69d73dfda5eb7856cba,1529,37
584,koa,6c0e0d6e29ed49a34b3a87f19ea5dda048e46af1,1531,37
585,koa,281a04e8e12735300566b030d39eb277c8ad1e74,1536,38
586,koa,8b4e2cd3bc6e165a0ea544686346cd79e437bc28,1534,40
587,koa,1015cea41dd33d719177f5dc1fb62de14f4cfc38,1542,40
588,koa,061c21f336b57a35e82d98c919bd316f48aa8b41,1543,40
589,koa,a0d2816cba5d009017b452718b7b14ecdc66d086,1544,40
590,koa,7b0370be37344daec7222064c3017ff518efeb7a,1550,40
591,koa,66c1593c20208adfa6cffdd772bca7ddc10f3202,1550,40
592,koa,ed84ee50da8ae3cd08056f944d061e00d06ed87f,1580,38
593,koa,9ee65843d9be96329a3279c63657c2970e260acf,1588,30
594,koa,b7d8c97f49e2cb82eccac2b1a50cf7d806730046,1598,30
595,koa,af3a1fd9b85b6291ff4ec2ce58749cc3874b8b2b,1601,30
596,koa,5c32cbf03a10012a37d5bd6cfb0e4b577084da24,1608,30
597,koa,e482ed384b6d5e1a30315db7f55b1a3dc9326da4,1587,29
598,koa,03643c538ea5a5ef629419f38f6b2243d0a1f199,1587,29
599,koa,d36e5f78d8829c7b2605b7c20edf25c8256f2347,1589,29
600,quill,03280c3086b867525ca4fc4cf00809c9511a4469,4483,79
601,quill,118bbcd474741b2c1f2fe6c77a778e30a3f8c04b,4484,79
602,quill,debbd123a2a17b67508af9fa8e7efa101de3d3e4,4489,79
603,quill,2d5487a05081a787b787aa52ff1a6541f67d4844,4491,79
604,quill,000b9d964f53b57d14520f43083adf3a25145c11,4492,79
605,quill,e2f1b066d29b298b02beea7ea2ac729ae9966379,4530,82
606,quill,c6bd90da0c2373584b8f5cbc88702028541d2186,4537,83
607,quill,85960b153070bd9edf76e26fafa3fda14fd2de3e,4539,83
608,quill,70bf1f199f7d2a659f29946bcb3f5e7d24c5b1e7,4533,83
609,quill,4afe94b0b036e18903ed5d01412de6e00969d5d2,4571,85
610,quill,759e96d941b8568436a5a21a16eb850ffcb487e6,4612,90
611,quill,b3b7e65a2897c70cc30549c212035c6376533ce8,4624,93
612,quill,3a13d6251cfdf75f4f7c59b820538db24e50218b,4624,92
613,quill,2c439df35583b3707601ecdbf4dd1e03559351cc,4665,92
614,quill,706287fb2ce5ff22647fb71dc29bd2f07fa5b294,4725,94
615,quill,719d72549732365330f0ea4d88c229e88b9a83f7,4743,96
616,quill,3bc986644efdfe12ebad316e69f95876acf0e75d,4749,95
617,quill,09ddb8d153b715b711af85f0ba937e7e9936bd9f,4932,92
618,quill,760c478dd7e640c7bbb1b01674688dc797bb8537,4940,92
619,quill,1108d88a5ea107eaee312651e40950c8ac39801f,4989,92
620,quill,21ec923d6ea2835c02607d121eb4fb90560c0ce2,4978,94
621,quill,d21db45f66245a55f6b8cafc1110823a351c4fd5,4979,94
622,quill,f83ae57131e3c3abd3913acf57c045bdb3340bfa,4999,95
623,quill,96e38e92637b75b907579d0cc1b201920aebe38c,5061,97
624,quill,0148738cb22d52808f35873adb620ca56b1ae061,5062,97
625,clipboard.js,3188ffbce3ba6404c8ae0584d028ff1a26a42ebc,903,2
626,clipboard.js,8392a7ba1ce4f359bf9ed6e53dbbccf4eb97a813,947,3
627,clipboard.js,a88bb77be476b84af4ccfa732e25663183cb3f1c,904,3
628,clipboard.js,7e37c9512116134dccf01620289888a252b3016f,920,3
629,clipboard.js,ff3cd2c722b744fa21d0fc621a08ad88b7a38189,922,3
630,clipboard.js,53a733fcb56d66af30cd45bfe484933a0513a7a9,924,3
631,clipboard.js,a4ab3052975c03d96f22dcfd86ccadf7571b35d2,924,3
632,clipboard.js,eb7418b51bb3c963893d83954c5cfa4de3f7f527,928,3
633,clipboard.js,26a9e9d56ccb7241c3a60fc7003e0fd48d77dd44,968,3
634,clipboard.js,0149e1de5e04055b58556b4dca5a2b9235de74b2,903,3
635,clipboard.js,8ad16a2c6cae573eb1f36114317ccaf3f130ae1f,952,3
636,clipboard.js,402c9ee17bed6f273bcbc7efa81874fd9a50b84c,953,3
637,clipboard.js,a00f1fe32784f823db7bce3a3ec5d7fc8e3f9eab,982,4
638,clipboard.js,f59d4e6b4db55b0f462eeb96fb74db3469e0765d,982,4
639,clipboard.js,39e622456c2c6ddefd97b0199fd5ce6182b63edb,996,4
640,clipboard.js,b6e6b80ab07eab03ce0d277515b3ed540773a330,996,4
641,clipboard.js,43beb07bac8323a1ee04001d73d131f7634223cc,1167,4
642,clipboard.js,3382ea3d14a6c46d274df6147c73a83ef47e41b3,1167,4
643,clipboard.js,fdb66d3f16fbe7f0f8128ba6bc7641090bbbe94a,533,4
644,clipboard.js,5be63e28dd26f5212b506ce5cebb02b22b3df505,1169,5
645,clipboard.js,d17eca050e705ae4932fd1be3e96abe38bd3397c,1170,5
646,clipboard.js,289389322e9673d72959224d13b884175470abe5,1171,5
647,clipboard.js,fddd2aac5f8772c468b36e8607ab9b0704ee73c6,1171,5
648,clipboard.js,c38b4ee76f1e9bacbf2f019e9e84f8f2e2407e91,1181,4
649,clipboard.js,7dea403fbb5257809623cd1d635bd4a3878ea982,1182,4
650,lerna,39da145c67ea587457694f318f32f967b9d66ea9,10162,88
651,lerna,d87a67bf2beb1ac9558e0c1adfd47d937f5240f3,10172,88
652,lerna,b22345b9870f62f1125e109fcc47d2e4260b9d09,10205,88
653,lerna,457d1e8a62f5caf0679973ae8bad564d7752ffd2,10323,88
654,lerna,8ca18bedecf4f141c6242a099086e84b2ced72de,10588,91
655,lerna,6770ceee0282d1a7c2dfda67c0458eff9632a583,10588,91
656,lerna,d4b1a0e48d1ff241fafa268dbe57256e10f2cdc8,10634,94
657,lerna,c19a306ed816579de2f8920ee8456d6b34fee802,10655,94
658,lerna,bb048cb306b5cfcb039aa98f667cf3751cf0ad20,10695,95
659,lerna,f0574092a2db90142b3a27ec1a4941cddbdcdf62,10695,95
660,lerna,bffa7f228fd5acd240dfea8d3e757040dbe4ca1b,10725,95
661,lerna,0ea8fb136f408fb4de3fd39bb7069d976235d53d,10834,96
662,lerna,79e70380ed840e543d6f1e04bee9a0127871a821,10852,97
663,lerna,4872459be7bf88e5900ff907b07279e9516d333c,10877,99
664,lerna,e7ef2a75ac98af07aed33cbd6f65f8514a45f8f5,10885,100
665,lerna,eeacb92a4878ed8002f95359dc6d0b8ec14df12e,10926,99
666,lerna,2612f51e7eecec58eacf0571724e6989e4b8e42d,10971,100
667,lerna,ea6ec639560ce71d9df8cbd7eef2d416e71f5442,10992,100
668,lerna,b90f4d3618b2327716840aa2a2619497c793c8aa,11166,103
669,lerna,4e5abe16b3d8f5b430fe30d66b946402ee679016,11180,103
670,lerna,6c4ee5294002c0e464f557b149516017eccf2a07,11180,103
671,lerna,3367257cabe1540a3b9468acbfa0d01ba391077d,11226,103
672,lerna,0d45bd5f850aa42d54fe7eb61ba46a4249e1eb94,11264,104
673,lerna,f6e7a13e60fefc523d701efddfcf0ed41a77749b,11298,104
674,lerna,4582c476e07dddddd6b2e3ab6e7f52c1f9eed59a,11790,100
675,preact,469da09b027edf2ed398c2210316f2cf816215b1,5690,215
676,preact,59f7c8ff0b0be49b1d6d9b4f9e53bd79e9716437,5721,215
677,preact,a574a9ec4d5795450e0ac8de4b1ea669a34bbb99,5789,225
678,preact,d7166c2a3ae35583c2efd56bd5a416d686d6624e,5884,224
679,preact,8446dcb6de9bfa8161989a8aeee3e047d5fe7d9f,5884,224
680,preact,e32fc87cfb1b3376c3d6dd478771a776a135d591,5912,226
681,preact,8603d70e1bc8098212f4db4542b0719f8409d3f9,6324,239
682,preact,042be5e3ebc4c0e58d1d9e3e7a02d4c593573900,6326,240
683,preact,94434066e99c3d7d4b9a0f10e51cf7530c3a3abc,6331,239
684,preact,b4d7a6c2c48360940640470d165f926d56a4b327,6360,239
685,preact,cdb709e7735a1d1761fc108598119971dd5373a0,6360,239
686,preact,a9f7e676dc03b5008b8483e0937fc27c1af8287f,6600,238
687,preact,aba653e411fc88bc49c0ca2a6639c3edc268dd92,6702,241
688,preact,efee8cfbdf8dfcaa04e41f6c69e5846d59b904a3,6758,242
689,preact,398092e3207c2e17e38987162af24af848128fb2,6761,239
690,preact,c71a02fd1764539e5cf588e6b04ebeb09da92d5d,6785,240
691,preact,e523a82cda1d982b6fa82d23cc7539f5f5b4701d,7177,284
692,preact,ba8353cf3a105e45958168525c496902ab8524b6,7221,283
693,preact,bd52611cade159a643b617794410f40a9d52eda3,7208,282
694,preact,3a32895800437b9383def7e2a994ba2a59bd4871,7226,280
695,preact,70c393d8d377c00d68249a0b3c6fcae09f36d51c,7226,280
696,preact,dd1e281ddc6bf056aa6eaf5755b71112ef5011c5,7234,280
697,preact,0957073acfb5b634aa97c70b2534ab9fa989e2c8,7239,280
698,preact,ce35a25355fbaeac307b3ad3bd741024e4862311,7239,280
699,preact,8b65bcdb26e58fb037a6b2af8ec6790c299bdca1,1748,60
700,swiper,58efa796e2d97359538d7c69d15a75e0d77b8d08,12728,465
701,swiper,c7327d41a41ceb5a7685d8ccdace11253836c420,12867,467
702,swiper,97ac631cc444ffa72448de19e22cd0eaf1b42605,13015,471
703,swiper,8d1249c699428fd49ec2e6cc7b6ed45150a11ac8,13057,470
704,swiper,e0aebf5e3872a90dc7ecbeafab3d4aa6bd399404,13062,471
705,swiper,e1f6ef9d918d1171175c15770fdc678e654cf085,13090,471
706,swiper,64c3fb7e44116e33f988ab318a1e5131d219084c,13092,471
707,swiper,3faa10dc6987d5309ccda2fa2d90186576d30695,13092,471
708,swiper,e0a7013b3be5543e4433f9d998a468bb151f3c3c,13092,471
709,swiper,aefcc27b8bc6182d3b6936559852c09a47ae38ac,12768,480
710,swiper,91fadd333ae0f5c76a537ae5a691da5dbc83e48f,12770,480
711,swiper,3f25f7042c69900b65a3b977bbad25a94c853580,12779,480
712,swiper,164e91ceaa1285b9d91c96f5c26b6f63583bee27,12791,481
713,swiper,1a9bd7b4a80968d84840848f45663bf335f25f19,12802,481
714,swiper,87daa8c76079c16397f065094b7510d6a2e277ef,12803,481
715,swiper,7cc856a26dd2cca955fbbb1dd5c2d62191fa9177,12803,481
716,swiper,ef228e6605bb1663d687d193b3c3af9c1ada6a76,12803,481
717,swiper,26340c4280790c509de499714c60009e35949c3d,12818,482
718,swiper,27ad3a1f7d9baed6f944119c573bdced433cb0a4,12829,482
719,swiper,85c3df4e87b40b3e6a83630fc213c8b420281212,12838,483
720,swiper,057fa60219f4ffea66452150ae6f0c2e64340dec,12859,485
721,swiper,fe39cd4203eabbef9ee23091a905f38146fd7804,12887,486
722,swiper,41a9f01de59f4b8dc56ddb47b0212170c18dd5f9,12888,486
723,swiper,090b42aea45bd5931462c0bdd0f9f845de951700,12905,493
724,swiper,5466df697934d1632c8c574c05964c02d95dcf9a,12905,493
725,carbon,ab43864b89dba2d77999b22352c31ba132b9bd96,10265,130
726,carbon,c55dae6ffe572258d0e530d68d80dafa9821e513,10265,130
727,carbon,e617327636e35e822e81e3bfc14049a0f8865a86,10331,130
728,carbon,6d92e76bca189c2f3cac48ebd128b042161b91d8,10335,130
729,carbon,27f86da6b9d02a5eb5146a7a947088459267b315,10953,155
730,carbon,2522a578f36a7489d23b39d69a1efd44300bb8e3,10883,156
731,carbon,d4eb52a04a040a47bbb65ea98c9a6cbbdac6f735,10889,156
732,carbon,bd8744d95b61e76320d94c108a7988c4f1064418,10893,156
733,carbon,a9e443f30897abc06c3bb0b28b4932d939d04f4f,10921,157
734,carbon,30ca73760fcb11edacff54e3605d6b9cba5ad9aa,10933,157
735,carbon,af705f9bf3b1e2ccc0109872a53f29220ece319e,10933,157
736,carbon,de3bddfa1e3e777e6123d927ad881f481089c125,10940,156
737,carbon,1d89aab0daa1505c99c59effc8356d2976978c4b,10943,155
738,carbon,886e020fc71ee000339e159dbf9f1d543ae4bc79,10943,155
739,carbon,1e038f3b92077ef7ef260064fc91b3990669ca5f,10968,155
740,carbon,8be44aba59e188cc47e4bdd120e0fcb769b59085,10961,154
741,carbon,3294aea9c96e7d8f4832e0bcc661edc6ede44728,11029,155
742,carbon,fa119409ed1a40c282f62603443c8e4c24480b7b,10980,154
743,carbon,b80435935b17fdc48f1b81d2bc1dc584c0e798cd,11015,155
744,carbon,f655608fab795b73cd9aac5604a779e7065ed165,11015,155
745,carbon,869c20bad94e7cd92c0d1e2da146a2c83272d139,11212,193
746,carbon,9b59d00537fcd19364bb57949a036e94d9473320,11453,206
747,carbon,a691c3391815d03d37ac7d6731b2d297ec1437e8,11460,206
748,carbon,3545c2dd92de6522af99cee094046a9c019e6d72,11466,206
749,carbon,3384d5948500f9f74154137dae8a0fb134ae65ea,11466,206
